../BibliothequePhoto/PicsTmp/Younes (11e copie).png, default tag, default tag2
../BibliothequePhoto/PicsTmp/Younes (3e copie).png, default tag, default tag2
../BibliothequePhoto/PicsTmp/Younes (4e copie).png, default tag, default tag2
../BibliothequePhoto/PicsTmp/yellow.png, default tag, default tag2
../BibliothequePhoto/PicsTmp/Younes (5e copie).png, default tag, default tag2
../BibliothequePhoto/PicsTmp/Younes.png, default tag, default tag2
../BibliothequePhoto/PicsTmp/Younes (6e copie).png, default tag, default tag2
../BibliothequePhoto/PicsTmp/Younes (copie).png, default tag, default tag2
../BibliothequePhoto/PicsTmp/grey.png, default tag, default tag2
../BibliothequePhoto/PicsTmp/Younes (15e copie).png, default tag, default tag2
../BibliothequePhoto/PicsTmp/firstbackground.jpg, default tag, default tag2
../BibliothequePhoto/PicsTmp/Younes (17e copie).png, default tag, default tag2
../BibliothequePhoto/PicsTmp/brown.png, default tag, default tag2
../BibliothequePhoto/PicsTmp/Younes (9e copie).png, default tag, default tag2
../BibliothequePhoto/PicsTmp/Seb.png, default tag, default tag2
../BibliothequePhoto/PicsTmp/Younes (12e copie).png, default tag, default tag2
../BibliothequePhoto/PicsTmp/Younes (14e copie).png, default tag, default tag2
../BibliothequePhoto/PicsTmp/Younes (18e copie).png, default tag, default tag2
../BibliothequePhoto/PicsTmp/red.png, default tag, default tag2
../BibliothequePhoto/PicsTmp/Younes (8e copie).png, default tag, default tag2
../BibliothequePhoto/PicsTmp/Younes (13e copie).png, default tag, default tag2
../BibliothequePhoto/PicsTmp/z.png, default tag, default tag2
../BibliothequePhoto/PicsTmp/Sans titre3.png, default tag, default tag2
../BibliothequePhoto/PicsTmp/Seb2.png, default tag, default tag2
../BibliothequePhoto/PicsTmp/Younes (7e copie).png, default tag, default tag2
../BibliothequePhoto/PicsTmp/Younes (16e copie).png, default tag, default tag2
../BibliothequePhoto/PicsTmp/Younes (10e copie).png, default tag, default tag2
../BibliothequePhoto/PicsTmp/Younes2.png, default tag, default tag2
../BibliothequePhoto/PicsTmp/black.png, default tag, default tag2
../BibliothequePhoto/PicsTmp/Sans titre.png, default tag, default tag2
../BibliothequePhoto/PicsTmp/Sans titre2.png, default tag, default tag2
../BibliothequePhoto/PicsTmp/Younes (autre copie).png, default tag, default tag2
../BibliothequePhoto/PicsTmp/icons-156784_1280.png, default tag, default tag2
